sequence,pseudo_perplexity,peptide_id,length,tool,design_length
KVVGTVVALLSCCPL,24.18319422296192,pepmlm_L15_0000,15,PepMLM,15
GCEGVLQARLAALCK,15.18481703127204,pepmlm_L15_0001,15,PepMLM,15
GVVSTYVLALLACCL,27.8999587442704,pepmlm_L15_0002,15,PepMLM,15
KVVETVVARLACPCL,36.72688778917618,pepmlm_L15_0003,15,PepMLM,15
GVISVLVARSAACCL,38.61772310797781,pepmlm_L15_0004,15,PepMLM,15
KVVSTLVARSLLCCK,23.037054179148935,pepmlm_L15_0005,15,PepMLM,15
KVIEVVELLLLCCCL,50.2844397959187,pepmlm_L15_0006,15,PepMLM,15
GVEEEVELLSLCCCR,34.59093406492556,pepmlm_L15_0007,15,PepMLM,15
KCEEEVEARSLLPCL,16.24395705928739,pepmlm_L15_0008,15,PepMLM,15
GVVSVYVARLSLLCL,33.96523027146252,pepmlm_L15_0009,15,PepMLM,15
GVEEVVQLALSLCLR,48.93727421735027,pepmlm_L15_0010,15,PepMLM,15
GCVEVVQAASLCLCK,42.933750146004456,pepmlm_L15_0011,15,PepMLM,15
RVVSVVVRRLLLLLL,19.803941880194532,pepmlm_L15_0012,15,PepMLM,15
RVVSVVVARLSCPCK,45.3985302674556,pepmlm_L15_0013,15,PepMLM,15
KVVGVVQRRLACCCR,34.66773226534552,pepmlm_L15_0014,15,PepMLM,15
RVISEYQALLLCPPL,29.030283119079716,pepmlm_L15_0015,15,PepMLM,15
KCVEELQLRSALLLR,15.386945372778465,pepmlm_L15_0016,15,PepMLM,15
GVVSVVVARPSACCR,23.872915748968985,pepmlm_L15_0017,15,PepMLM,15
GVVGVYERRLLLCCL,19.29489635811428,pepmlm_L15_0018,15,PepMLM,15
GVEEEYVARLSCCCL,31.488619894041975,pepmlm_L15_0019,15,PepMLM,15
RTVGTVVLAPLCLLR,22.97502414063985,pepmlm_L15_0020,15,PepMLM,15
GTIEVVVRRLACLCR,43.62670710742459,pepmlm_L15_0021,15,PepMLM,15
KVVGVLQARSALLCR,28.24467945826157,pepmlm_L15_0022,15,PepMLM,15
GVVETVVALLAACCR,34.88533889507927,pepmlm_L15_0023,15,PepMLM,15
GVISTVVAALSAPCK,20.738346372391405,pepmlm_L15_0024,15,PepMLM,15
GTIEVVEAALAAPLK,13.134817385952736,pepmlm_L15_0025,15,PepMLM,15
RVVSTVERLSLAPCR,21.051752822948743,pepmlm_L15_0026,15,PepMLM,15
GVIETVQRLPSCLCL,26.493750171467006,pepmlm_L15_0027,15,PepMLM,15
GVISVLVRLPSCCCR,40.84426029145866,pepmlm_L15_0028,15,PepMLM,15
RVVETVEARLAACCL,20.185830019353578,pepmlm_L15_0029,15,PepMLM,15
RCISVVEALLLCCPL,23.86551553855648,pepmlm_L15_0030,15,PepMLM,15
RTEGVYVLASSACCR,24.69123191378288,pepmlm_L15_0031,15,PepMLM,15
GKCRLRTLETTPLLRLRAAQ,21.15596927259646,pepmlm_L20_0000,20,PepMLM,20
GCVKKRTLDSDTPLCRAILK,16.35602814124347,pepmlm_L20_0001,20,PepMLM,20
RCEEVKCLEDTPPCRAAALK,23.896384103040532,pepmlm_L20_0002,20,PepMLM,20
GVCELLCLDDTPGLRLRIKS,19.376834940267425,pepmlm_L20_0003,20,PepMLM,20
GCVEVLCLDSTPGCLLLIAQ,20.78371043849886,pepmlm_L20_0004,20,PepMLM,20
GCCEVRTLLTTLLCCARLLK,16.50368964349793,pepmlm_L20_0005,20,PepMLM,20
GCVKLLTLLSTTLACRLAKK,21.398905116087835,pepmlm_L20_0006,20,PepMLM,20
KCVEVKRADSLPLLCRLLLK,13.072648041333606,pepmlm_L20_0007,20,PepMLM,20
GCVKVLTLLTDTLCLRRALQ,22.49997135143865,pepmlm_L20_0008,20,PepMLM,20
KVVEVRCLEDTTLLLRLLAS,13.837592021997072,pepmlm_L20_0009,20,PepMLM,20
RCVKLRRLLSTLLCCALIAK,17.59400171442566,pepmlm_L20_0010,20,PepMLM,20
RCEEVRCLEDDLLCCARLKS,11.67190528183616,pepmlm_L20_0011,20,PepMLM,20
GCVKVLRLDDLPLALLRLLK,14.010749839618056,pepmlm_L20_0012,20,PepMLM,20
RCERVRRLDDLLLCRAAIAK,10.99161008888191,pepmlm_L20_0013,20,PepMLM,20
GCCKVRRLESLLLCCRRAAQ,17.086239260696395,pepmlm_L20_0014,20,PepMLM,20
RCVKVRTLESDLPACLLAKK,15.296693925222462,pepmlm_L20_0015,20,PepMLM,20
RKCRLLCAETTLLCLAAIAK,15.462494116330271,pepmlm_L20_0016,20,PepMLM,20
GCCELRTLLDDPPARLLLLS,20.773264915218935,pepmlm_L20_0017,20,PepMLM,20
GCVEVLCRDDTPLALAALAS,10.22240298306129,pepmlm_L20_0018,20,PepMLM,20
GCEKVLRADDTLGLLRLLKQ,17.97913550071276,pepmlm_L20_0019,20,PepMLM,20
KCEELRTREDTTLCCRAAKK,12.330318692780642,pepmlm_L20_0020,20,PepMLM,20
KCVRLRRAESTTLCRLAILQ,18.123219948455215,pepmlm_L20_0021,20,PepMLM,20
GCVKKRRAEDTPLCCLALKK,14.373023807643042,pepmlm_L20_0022,20,PepMLM,20
RVEEVRCADSLTPLLLLAKK,17.88738565195771,pepmlm_L20_0023,20,PepMLM,20
GCEKKRRADDDTGCRAALAK,22.61374281855374,pepmlm_L20_0024,20,PepMLM,20
KVEEKRCLDDTPGCLRAAAK,22.817230441390844,pepmlm_L20_0025,20,PepMLM,20
GCCKKRTADSTLGALRLIKQ,18.235362172238073,pepmlm_L20_0026,20,PepMLM,20
KVCELKRLESTPLARAAALK,11.03629427803006,pepmlm_L20_0027,20,PepMLM,20
GCCKLKRLDDLLLACARAAS,17.587648674275307,pepmlm_L20_0028,20,PepMLM,20
RCCEVKCLDDLLLCCLRIAQ,16.70667565970667,pepmlm_L20_0029,20,PepMLM,20
KCVRVKTLDTDPLCCRLIKQ,17.69766707102245,pepmlm_L20_0030,20,PepMLM,20
GCEKLLCLEDLTPCRLAILK,20.17721647413672,pepmlm_L20_0031,20,PepMLM,20
GCRRKCMARRSSLLLLALLAALLSS,19.37675023646624,pepmlm_L25_0000,25,PepMLM,25
GTREKMMNRSTSLPLLLALAQAKGK,10.046132945845129,pepmlm_L25_0001,25,PepMLM,25
GTEECLMARRTSPLLACACQLLKSS,19.906623072033938,pepmlm_L25_0002,25,PepMLM,25
RSREVMKNRRTRLDLACLAAAAKKS,20.288071393847876,pepmlm_L25_0003,25,PepMLM,25
GSRRVMMARRTDLLTLLCAAAAAGG,10.908612043040796,pepmlm_L25_0004,25,PepMLM,25
GTRECMQNNRSRLLDACCAAQLAKS,12.906834897585894,pepmlm_L25_0005,25,PepMLM,25
GTRRVLMNRRSDLLDCCCCQQAKSG,20.67936539090509,pepmlm_L25_0006,25,PepMLM,25
GCCGVMMERRTSLLLCLLAAAQLKS,19.83414736173767,pepmlm_L25_0007,25,PepMLM,25
DTRGVMQENRRSLDTLAALQQALKK,16.963662088834315,pepmlm_L25_0008,25,PepMLM,25
GSCRVCMERLSSLLDLCCARQAAGK,16.401264048274548,pepmlm_L25_0009,25,PepMLM,25
RCCEKMKNKSRRLPDACCAAAAAKK,17.840035902940983,pepmlm_L25_0010,25,PepMLM,25
RTREVLMEKRSDLLTLCLCQAALKS,19.194518316580883,pepmlm_L25_0011,25,PepMLM,25
GCERKLKANLRSLLTCAAARQALSK,20.9430861791037,pepmlm_L25_0012,25,PepMLM,25
GCREVCQARSTRLLTCALLQALKSS,12.681222625770344,pepmlm_L25_0013,25,PepMLM,25
GCRGVMMNNLSSLDTCCCARLQLGS,16.320314251444092,pepmlm_L25_0014,25,PepMLM,25
GCERKMMERRTDLLLLLLCAQAAKK,14.309152463546011,pepmlm_L25_0015,25,PepMLM,25
GTCGKCQNRSRDPPLCLAARQQLKS,43.28862941222086,pepmlm_L25_0016,25,PepMLM,25
GTRRCMMERLTSLPDACCCRAQLKK,22.63629698883724,pepmlm_L25_0017,25,PepMLM,25
DCRGCCQERSTRDLLLALARQALSG,19.229486609855233,pepmlm_L25_0018,25,PepMLM,25
RTREVMQAKSSDDLDLCLARLLLKS,16.945948190343444,pepmlm_L25_0019,25,PepMLM,25
GCCGVMKENRRSDLLACLCAAQAGK,17.918085159074042,pepmlm_L25_0020,25,PepMLM,25
RTREVMQENRRSDLDLACCQLLAGS,23.273443160584783,pepmlm_L25_0021,25,PepMLM,25
GCCGVMQARRRDPPTLCLAQLQLSK,21.452250706453206,pepmlm_L25_0022,25,PepMLM,25
GTEEVMQARSTDLLTCCCAQQLLSS,15.245057606887372,pepmlm_L25_0023,25,PepMLM,25
GTCGCMKNRLTSDLTCAALQQAASG,15.835886080311084,pepmlm_L25_0024,25,PepMLM,25
RSEEVLQNRSSRLPDCCAAQLQLSS,20.677249444432725,pepmlm_L25_0025,25,PepMLM,25
GSEECCMNNSTRPLTACAAAQQAKK,19.575442303447403,pepmlm_L25_0026,25,PepMLM,25
GCCEVMKENRTRLLDLCCCALLKGK,16.175921084050476,pepmlm_L25_0027,25,PepMLM,25
GCREVMMERSSSLLDAALAAQAAGS,10.499394329486304,pepmlm_L25_0028,25,PepMLM,25
GSCGKMMNRLSRLPDCCALAAQLKK,21.70120610360683,pepmlm_L25_0029,25,PepMLM,25
GCEEKMKNKRSSLLTACCCAQLLKS,16.27361567265782,pepmlm_L25_0030,25,PepMLM,25
RCREVMQNKLTSPLTALLAQLAKSG,16.033304924310645,pepmlm_L25_0031,25,PepMLM,25
