peptide_id,sequence,length,tool,control_type,source_tool
scrambled_PepMLM_0000,CQRTKLCTLRRCAKSMGRDEPCALM,25,scrambled_PepMLM,scrambled,PepMLM
scrambled_PepMLM_0001,RCGVAVVLQVRRCKC,15,scrambled_PepMLM,scrambled,PepMLM
scrambled_PepMLM_0002,VLRVAPVLCTEAKVC,15,scrambled_PepMLM,scrambled,PepMLM
scrambled_PepMLM_0003,LLLRATCGAEQSKLCCNCSEKKKSM,25,scrambled_PepMLM,scrambled,PepMLM
scrambled_PepMLM_0004,DGVRDGLLEPLCLIRLSTKC,20,scrambled_PepMLM,scrambled,PepMLM
scrambled_PepMLM_0005,VCSSGYVCRARTLAE,15,scrambled_PepMLM,scrambled,PepMLM
scrambled_PepMLM_0006,SCSRILVCVGCVLRP,15,scrambled_PepMLM,scrambled,PepMLM
scrambled_PepMLM_0007,SSCCPVVVRRVAGAV,15,scrambled_PepMLM,scrambled,PepMLM
scrambled_PepMLM_0008,VSCVCVSAVLRKRVP,15,scrambled_PepMLM,scrambled,PepMLM
scrambled_PepMLM_0009,GPCRKPMDGQRTCQRLSVLQLLCAA,25,scrambled_PepMLM,scrambled,PepMLM
scrambled_PepMLM_0010,CMRNALQLLSDQRTACACAGSRKNE,25,scrambled_PepMLM,scrambled,PepMLM
scrambled_PepMLM_0011,VLGCVCQKALSCVAE,15,scrambled_PepMLM,scrambled,PepMLM
scrambled_PepMLM_0012,ARVRMKQERSLCLLLLCETTSKDLA,25,scrambled_PepMLM,scrambled,PepMLM
scrambled_PepMLM_0013,DRKLCPKARKALGETCKLCV,20,scrambled_PepMLM,scrambled,PepMLM
scrambled_PepMLM_0014,SALLISVARCCAVVG,15,scrambled_PepMLM,scrambled,PepMLM
scrambled_PepMLM_0015,ESCVQTLILRPLGVC,15,scrambled_PepMLM,scrambled,PepMLM
scrambled_PepMLM_0016,AVLVRATRCLVEECA,15,scrambled_PepMLM,scrambled,PepMLM
scrambled_PepMLM_0017,RCSRMLLALLSGCAASLRKLRASLL,25,scrambled_PepMLM,scrambled,PepMLM
scrambled_PepMLM_0018,ALELSQCKSCQVRLTGALLTCSRAR,25,scrambled_PepMLM,scrambled,PepMLM
scrambled_PepMLM_0019,RSLGLEACMLGVAQLCSCLRKTLMA,25,scrambled_PepMLM,scrambled,PepMLM
scrambled_RFdiffusion_0000,LEMEKKYQEEEEKKALELE,19,scrambled_RFdiffusion,scrambled,RFdiffusion
scrambled_RFdiffusion_0001,RAALLARQAMEALAEALAA,19,scrambled_RFdiffusion,scrambled,RFdiffusion
scrambled_RFdiffusion_0002,LQLAEERAAAALSALQAQM,19,scrambled_RFdiffusion,scrambled,RFdiffusion
scrambled_RFdiffusion_0003,LEASAKLLELKELQLLEAL,19,scrambled_RFdiffusion,scrambled,RFdiffusion
scrambled_RFdiffusion_0004,ELLQAKVLELKALLKLEES,19,scrambled_RFdiffusion,scrambled,RFdiffusion
scrambled_RFdiffusion_0005,YLLKLSAAALLSSLILHSI,19,scrambled_RFdiffusion,scrambled,RFdiffusion
scrambled_RFdiffusion_0006,LSSKEEELLRLLEQLSLLL,19,scrambled_RFdiffusion,scrambled,RFdiffusion
scrambled_RFdiffusion_0007,ALQAAAQTLPLVLSGELAA,19,scrambled_RFdiffusion,scrambled,RFdiffusion
scrambled_RFdiffusion_0008,LLLLAEEKLELERQLKPLL,19,scrambled_RFdiffusion,scrambled,RFdiffusion
scrambled_RFdiffusion_0009,SSLLLQEEQLLLLELRAAH,19,scrambled_RFdiffusion,scrambled,RFdiffusion
scrambled_RFdiffusion_0010,LEEDLKRILEKELEFEETL,19,scrambled_RFdiffusion,scrambled,RFdiffusion
scrambled_RFdiffusion_0011,LLLLLEALLRVLKDSLENQ,19,scrambled_RFdiffusion,scrambled,RFdiffusion
scrambled_RFdiffusion_0012,LKAELLRKELEEKPEKLLR,19,scrambled_RFdiffusion,scrambled,RFdiffusion
scrambled_RFdiffusion_0013,LLLLLAAKLKLELPSEFLL,19,scrambled_RFdiffusion,scrambled,RFdiffusion
scrambled_RFdiffusion_0014,LAEELEEELELERLALLSE,19,scrambled_RFdiffusion,scrambled,RFdiffusion
scrambled_RFdiffusion_0015,SLLQHLAKPAFRLEKELEL,19,scrambled_RFdiffusion,scrambled,RFdiffusion
scrambled_RFdiffusion_0016,EKEVLATSSALLLLPASLK,19,scrambled_RFdiffusion,scrambled,RFdiffusion
scrambled_RFdiffusion_0017,KEELRTKKLLLEEFILERS,19,scrambled_RFdiffusion,scrambled,RFdiffusion
scrambled_RFdiffusion_0018,LLAAKLSLKAVLENAAEAQ,19,scrambled_RFdiffusion,scrambled,RFdiffusion
scrambled_RFdiffusion_0019,YILKLSRLYSESKTLLEEK,19,scrambled_RFdiffusion,scrambled,RFdiffusion
scrambled_RFpeptides_0000,PEIGGLYPYEGEEK,14,scrambled_RFpeptides,scrambled,RFpeptides
scrambled_RFpeptides_0001,ILEGEGPKYGEPEY,14,scrambled_RFpeptides,scrambled,RFpeptides
scrambled_RFpeptides_0002,GELYGYPYVEPEGK,14,scrambled_RFpeptides,scrambled,RFpeptides
scrambled_RFpeptides_0003,ESYEYGPLGGIEPE,14,scrambled_RFpeptides,scrambled,RFpeptides
scrambled_RFpeptides_0004,KGFELGGIKPEYPE,14,scrambled_RFpeptides,scrambled,RFpeptides
scrambled_RFpeptides_0005,KYKIGEYGPLPEEG,14,scrambled_RFpeptides,scrambled,RFpeptides
scrambled_RFpeptides_0006,EPYYGPGESGYELI,14,scrambled_RFpeptides,scrambled,RFpeptides
scrambled_RFpeptides_0007,IGGPYEPLEGKEKY,14,scrambled_RFpeptides,scrambled,RFpeptides
