contacts_recapitulated,total_gold_standard,recapitulation_fraction,novel_contacts,total_predicted_contacts,recapitulated_residues,peptide_id,source_tool
6,30,0.2,17,23,"[42, 43, 44, 54, 55, 62]",rfdiff_d7_n3,RFdiffusion
8,30,0.2666666666666666,17,25,"[42, 43, 44, 46, 54, 55, 56, 57]",rfdiff_d2_n3,RFdiffusion
9,30,0.3,24,33,"[43, 44, 45, 46, 54, 55, 56, 57, 62]",rfpep_d0_n5,RFpeptides
5,30,0.1666666666666666,12,17,"[44, 45, 46, 54, 55]",pepmlm_L25_0001,PepMLM
7,30,0.2333333333333333,14,21,"[44, 45, 46, 54, 55, 57, 62]",rfdiff_d3_n5,RFdiffusion
8,30,0.2666666666666666,13,21,"[56, 57, 60, 62, 64, 83, 85, 86]",pepmlm_L25_0016,PepMLM
6,30,0.2,16,22,"[43, 46, 53, 54, 55, 60]",rfdiff_d0_n4,RFdiffusion
6,30,0.2,11,17,"[43, 44, 45, 46, 54, 55]",rfdiff_d1_n6,RFdiffusion
9,30,0.3,15,24,"[34, 43, 44, 45, 46, 55, 56, 62, 64]",rfdiff_d6_n6,RFdiffusion
12,30,0.4,23,35,"[43, 46, 54, 55, 56, 57, 62, 64, 81, 82, 83, 85]",pepmlm_L20_0028,PepMLM
8,30,0.2666666666666666,22,30,"[46, 54, 55, 56, 57, 62, 82, 83]",pepmlm_L25_0006,PepMLM
3,30,0.1,14,17,"[43, 54, 55]",rfdiff_d4_n7,RFdiffusion
5,30,0.1666666666666666,18,23,"[53, 54, 55, 56, 64]",scrambled_PepMLM_0003,scrambled_control
5,30,0.1666666666666666,18,23,"[46, 54, 55, 62, 64]",rfdiff_d3_n0,RFdiffusion
5,30,0.1666666666666666,15,20,"[42, 43, 44, 46, 55]",rfdiff_d5_n4,RFdiffusion
4,30,0.1333333333333333,13,17,"[54, 55, 56, 57]",pepmlm_L25_0011,PepMLM
3,30,0.1,16,19,"[45, 46, 55]",rfdiff_d6_n1,RFdiffusion
3,30,0.1,20,23,"[43, 46, 55]",rfdiff_d1_n1,RFdiffusion
8,30,0.2666666666666666,19,27,"[43, 46, 53, 54, 55, 57, 62, 64]",pepmlm_L25_0026,PepMLM
7,30,0.2333333333333333,23,30,"[43, 44, 46, 55, 56, 57, 62]",rfpep_d0_n0,RFpeptides
7,30,0.2333333333333333,15,22,"[55, 56, 57, 79, 81, 82, 83]",pepmlm_L25_0031,PepMLM
8,30,0.2666666666666666,20,28,"[43, 45, 46, 54, 55, 57, 62, 64]",rfdiff_d4_n2,RFdiffusion
6,30,0.2,22,28,"[44, 45, 46, 54, 55, 57]",pepmlm_L20_0023,PepMLM
7,30,0.2333333333333333,23,30,"[45, 46, 53, 54, 55, 57, 62]",pepmlm_L25_0021,PepMLM
4,30,0.1333333333333333,18,22,"[53, 56, 62, 64]",pepmlm_L25_0023,PepMLM
8,30,0.2666666666666666,16,24,"[34, 42, 43, 46, 54, 55, 62, 64]",rfdiff_d3_n7,RFdiffusion
4,30,0.1333333333333333,15,19,"[43, 45, 46, 55]",pepmlm_L20_0025,PepMLM
9,30,0.3,19,28,"[46, 54, 55, 56, 57, 62, 64, 79, 85]",pepmlm_L25_0018,PepMLM
14,30,0.4666666666666667,21,35,"[34, 42, 43, 46, 55, 56, 57, 60, 62, 64, 81, 82, 83, 85]",pepmlm_L25_0028,PepMLM
9,30,0.3,13,22,"[42, 43, 46, 54, 55, 56, 57, 60, 62]",rfdiff_d5_n6,RFdiffusion
7,30,0.2333333333333333,21,28,"[34, 42, 43, 46, 54, 55, 64]",pepmlm_L25_0008,PepMLM
6,30,0.2,13,19,"[45, 46, 54, 55, 60, 62]",rfdiff_d4_n4,RFdiffusion
8,30,0.2666666666666666,14,22,"[42, 43, 44, 54, 55, 57, 60, 62]",pepmlm_L20_0020,PepMLM
4,30,0.1333333333333333,16,20,"[42, 43, 46, 55]",rfdiff_d2_n0,RFdiffusion
7,30,0.2333333333333333,18,25,"[44, 45, 46, 54, 55, 62, 64]",rfdiff_d7_n5,RFdiffusion
5,30,0.1666666666666666,18,23,"[42, 43, 46, 54, 55]",rfdiff_d0_n1,RFdiffusion
7,30,0.2333333333333333,17,24,"[42, 43, 44, 45, 46, 54, 55]",rfpep_d0_n7,RFpeptides
9,30,0.3,19,28,"[46, 54, 55, 56, 57, 60, 62, 64, 85]",pepmlm_L15_0002,PepMLM
6,30,0.2,16,22,"[42, 43, 45, 46, 55, 64]",rfdiff_d1_n3,RFdiffusion
6,30,0.2,20,26,"[46, 53, 54, 55, 56, 57]",pepmlm_L20_0030,PepMLM
4,30,0.1333333333333333,12,16,"[46, 54, 55, 60]",rfdiff_d3_n2,RFdiffusion
6,30,0.2,14,20,"[43, 46, 54, 55, 56, 60]",rfdiff_d7_n0,RFdiffusion
4,30,0.1333333333333333,13,17,"[46, 54, 55, 56]",pepmlm_L25_0003,PepMLM
6,30,0.2,19,25,"[46, 53, 54, 55, 56, 57]",pepmlm_L15_0007,PepMLM
5,30,0.1666666666666666,20,25,"[34, 43, 46, 55, 64]",pepmlm_L25_0013,PepMLM
6,30,0.2,16,22,"[34, 43, 46, 54, 55, 64]",rfdiff_d5_n1,RFdiffusion
10,30,0.3333333333333333,19,29,"[34, 42, 43, 44, 46, 54, 55, 56, 57, 64]",rfdiff_d2_n5,RFdiffusion
6,30,0.2,15,21,"[42, 43, 44, 45, 46, 55]",rfpep_d0_n2,RFpeptides
4,30,0.1333333333333333,11,15,"[43, 54, 55, 64]",rfdiff_d6_n3,RFdiffusion
4,30,0.1333333333333333,13,17,"[43, 54, 55, 64]",rfdiff_d0_n6,RFdiffusion
3,30,0.1,16,19,"[42, 43, 55]",rfdiff_d5_n7,RFdiffusion
7,30,0.2333333333333333,14,21,"[43, 46, 53, 54, 55, 56, 57]",pepmlm_L25_0009,PepMLM
4,30,0.1333333333333333,18,22,"[43, 45, 46, 55]",rfdiff_d1_n4,RFdiffusion
5,30,0.1666666666666666,18,23,"[53, 54, 55, 56, 57]",pepmlm_L25_0024,PepMLM
8,30,0.2666666666666666,27,35,"[43, 45, 46, 54, 55, 57, 62, 64]",pepmlm_L25_0019,PepMLM
9,30,0.3,22,31,"[34, 42, 43, 45, 46, 54, 55, 62, 64]",pepmlm_L20_0026,PepMLM
4,30,0.1333333333333333,12,16,"[43, 54, 55, 60]",rfdiff_d7_n6,RFdiffusion
8,30,0.2666666666666666,17,25,"[53, 54, 55, 56, 57, 62, 64, 85]",pepmlm_L20_0021,PepMLM
10,30,0.3333333333333333,17,27,"[42, 43, 44, 45, 54, 55, 57, 62, 64, 78]",rfdiff_d4_n5,RFdiffusion
5,30,0.1666666666666666,18,23,"[43, 46, 54, 55, 60]",rfdiff_d4_n0,RFdiffusion
5,30,0.1666666666666666,20,25,"[34, 46, 55, 62, 64]",rfdiff_d5_n2,RFdiffusion
0,30,0.0,10,10,[],rfdiff_d2_n1,RFdiffusion
8,30,0.2666666666666666,13,21,"[43, 44, 46, 54, 55, 57, 62, 64]",rfdiff_d0_n2,RFdiffusion
6,30,0.2,14,20,"[42, 43, 44, 45, 46, 55]",rfpep_d0_n3,RFpeptides
8,30,0.2666666666666666,17,25,"[54, 55, 56, 57, 60, 62, 64, 85]",pepmlm_L25_0004,PepMLM
5,30,0.1666666666666666,16,21,"[53, 54, 55, 56, 60]",rfdiff_d7_n1,RFdiffusion
9,30,0.3,19,28,"[43, 44, 45, 46, 54, 55, 56, 57, 62]",pepmlm_L25_0014,PepMLM
5,30,0.1666666666666666,14,19,"[53, 56, 57, 83, 85]",scrambled_PepMLM_0001,scrambled_control
9,30,0.3,23,32,"[44, 45, 46, 53, 54, 55, 56, 57, 60]",pepmlm_L20_0031,PepMLM
5,30,0.1666666666666666,18,23,"[42, 43, 46, 54, 55]",rfdiff_d0_n7,RFdiffusion
5,30,0.1666666666666666,25,30,"[42, 43, 46, 55, 64]",pepmlm_L25_0029,PepMLM
8,30,0.2666666666666666,12,20,"[43, 46, 54, 55, 56, 57, 60, 62]",rfdiff_d3_n3,RFdiffusion
3,30,0.1,15,18,"[43, 46, 55]",rfdiff_d6_n4,RFdiffusion
3,30,0.1,16,19,"[43, 54, 55]",rfdiff_d2_n6,RFdiffusion
4,30,0.1333333333333333,20,24,"[34, 46, 55, 64]",rfdiff_d5_n3,RFdiffusion
5,30,0.1666666666666666,16,21,"[43, 44, 45, 46, 55]",pepmlm_L25_0015,PepMLM
6,30,0.2,15,21,"[45, 46, 55, 56, 57, 64]",pepmlm_L20_0027,PepMLM
4,30,0.1333333333333333,12,16,"[54, 55, 62, 64]",rfdiff_d3_n4,RFdiffusion
6,30,0.2,9,15,"[43, 44, 45, 46, 54, 55]",rfdiff_d2_n7,RFdiffusion
6,30,0.2,15,21,"[43, 44, 46, 55, 56, 57]",rfdiff_d7_n2,RFdiffusion
5,30,0.1666666666666666,13,18,"[43, 54, 55, 57, 64]",rfdiff_d6_n5,RFdiffusion
7,30,0.2333333333333333,11,18,"[42, 43, 44, 45, 46, 54, 55]",rfdiff_d0_n3,RFdiffusion
5,30,0.1666666666666666,19,24,"[53, 54, 55, 56, 57]",pepmlm_L25_0005,PepMLM
6,30,0.2,15,21,"[43, 46, 53, 54, 55, 56]",rfdiff_d2_n2,RFdiffusion
8,30,0.2666666666666666,22,30,"[53, 54, 55, 56, 57, 60, 62, 64]",pepmlm_L25_0020,PepMLM
8,30,0.2666666666666666,14,22,"[43, 44, 45, 46, 54, 55, 57, 62]",rfdiff_d4_n1,RFdiffusion
7,30,0.2333333333333333,20,27,"[42, 43, 44, 45, 46, 54, 55]",pepmlm_L25_0010,PepMLM
9,30,0.3,14,23,"[46, 53, 54, 55, 56, 57, 62, 79, 81]",pepmlm_L25_0000,PepMLM
8,30,0.2666666666666666,23,31,"[42, 43, 44, 45, 46, 55, 62, 64]",rfdiff_d1_n0,RFdiffusion
5,30,0.1666666666666666,12,17,"[42, 43, 54, 55, 64]",rfdiff_d6_n0,RFdiffusion
7,30,0.2333333333333333,17,24,"[45, 46, 54, 55, 57, 60, 62]",rfdiff_d4_n6,RFdiffusion
8,30,0.2666666666666666,22,30,"[34, 42, 43, 44, 45, 46, 55, 64]",rfdiff_d7_n7,RFdiffusion
7,30,0.2333333333333333,21,28,"[43, 46, 54, 55, 60, 62, 64]",rfdiff_d1_n5,RFdiffusion
7,30,0.2333333333333333,18,25,"[42, 43, 46, 54, 55, 62, 64]",pepmlm_L25_0030,PepMLM
4,30,0.1333333333333333,11,15,"[54, 55, 56, 62]",scrambled_PepMLM_0002,scrambled_control
6,30,0.2,13,19,"[46, 53, 54, 55, 56, 57]",pepmlm_L20_0022,PepMLM
8,30,0.2666666666666666,23,31,"[42, 43, 44, 45, 46, 55, 56, 57]",rfpep_d0_n4,RFpeptides
6,30,0.2,20,26,"[44, 45, 46, 55, 60, 62]",pepmlm_L25_0025,PepMLM
8,30,0.2666666666666666,17,25,"[43, 44, 45, 46, 54, 55, 57, 64]",scrambled_PepMLM_0010,scrambled_control
7,30,0.2333333333333333,22,29,"[43, 44, 46, 54, 55, 57, 62]",scrambled_RFdiffusion_0015,scrambled_control
7,30,0.2333333333333333,12,19,"[34, 56, 57, 60, 62, 64, 85]",pepmlm_L15_0017,PepMLM
8,30,0.2666666666666666,14,22,"[56, 57, 60, 62, 64, 79, 85, 86]",random_0032,random_control
4,30,0.1333333333333333,14,18,"[43, 45, 46, 55]",scrambled_RFdiffusion_0005,scrambled_control
10,30,0.3333333333333333,21,31,"[34, 55, 56, 57, 60, 62, 64, 83, 85, 86]",pepmlm_L15_0022,PepMLM
8,30,0.2666666666666666,23,31,"[42, 43, 45, 46, 54, 55, 62, 64]",scrambled_PepMLM_0000,scrambled_control
9,30,0.3,16,25,"[34, 55, 56, 57, 60, 62, 64, 85, 86]",pepmlm_L15_0012,PepMLM
12,30,0.4,28,40,"[42, 43, 45, 46, 55, 56, 57, 62, 64, 83, 85, 86]",pepmlm_L20_0000,PepMLM
8,30,0.2666666666666666,14,22,"[53, 55, 56, 57, 60, 62, 64, 85]",scrambled_PepMLM_0015,scrambled_control
4,30,0.1333333333333333,21,25,"[44, 45, 46, 55]",random_0022,random_control
8,30,0.2666666666666666,22,30,"[42, 43, 44, 45, 46, 54, 55, 60]",random_0017,random_control
6,30,0.2,13,19,"[56, 57, 60, 62, 64, 85]",scrambled_PepMLM_0005,scrambled_control
8,30,0.2666666666666666,16,24,"[46, 54, 55, 56, 57, 60, 62, 64]",scrambled_RFdiffusion_0010,scrambled_control
4,30,0.1333333333333333,25,29,"[46, 54, 55, 62]",random_0037,random_control
8,30,0.2666666666666666,17,25,"[34, 42, 43, 46, 54, 55, 60, 64]",pepmlm_L20_0010,PepMLM
5,30,0.1666666666666666,17,22,"[46, 54, 55, 57, 62]",scrambled_RFdiffusion_0000,scrambled_control
5,30,0.1666666666666666,19,24,"[46, 54, 55, 62, 64]",random_0042,random_control
5,30,0.1666666666666666,16,21,"[53, 54, 55, 56, 57]",pepmlm_L20_0015,PepMLM
8,30,0.2666666666666666,23,31,"[46, 54, 55, 56, 57, 62, 64, 85]",pepmlm_L15_0000,PepMLM
6,30,0.2,18,24,"[43, 44, 45, 46, 54, 55]",random_0027,random_control
7,30,0.2333333333333333,18,25,"[45, 46, 54, 55, 56, 57, 60]",random_0047,random_control
10,30,0.3333333333333333,27,37,"[45, 46, 54, 55, 56, 57, 60, 62, 64, 85]",pepmlm_L15_0027,PepMLM
4,30,0.1333333333333333,22,26,"[43, 45, 46, 55]",random_0002,random_control
2,30,0.0666666666666666,16,18,"[46, 55]",scrambled_RFpeptides_0000,scrambled_control
3,30,0.1,15,18,"[43, 55, 64]",pepmlm_L20_0005,PepMLM
8,30,0.2666666666666666,23,31,"[43, 44, 45, 46, 54, 55, 57, 64]",random_0007,random_control
7,30,0.2333333333333333,18,25,"[43, 44, 45, 46, 54, 55, 62]",scrambled_RFpeptides_0005,scrambled_control
7,30,0.2333333333333333,19,26,"[43, 44, 45, 46, 54, 55, 57]",random_0012,random_control
10,30,0.3333333333333333,12,22,"[34, 54, 56, 57, 62, 64, 82, 83, 85, 86]",pepmlm_L15_0013,PepMLM
8,30,0.2666666666666666,15,23,"[43, 44, 45, 46, 54, 55, 62, 64]",random_0043,random_control
3,30,0.1,14,17,"[44, 45, 46]",random_0013,random_control
6,30,0.2,22,28,"[45, 46, 54, 55, 56, 57]",random_0048,random_control
6,30,0.2,14,20,"[42, 43, 44, 46, 54, 55]",pepmlm_L20_0006,PepMLM
10,30,0.3333333333333333,17,27,"[43, 44, 45, 46, 53, 54, 55, 56, 57, 62]",pepmlm_L20_0011,PepMLM
6,30,0.2,19,25,"[43, 46, 54, 55, 56, 57]",random_0018,random_control
5,30,0.1666666666666666,16,21,"[43, 46, 55, 62, 64]",pepmlm_L15_0008,PepMLM
5,30,0.1666666666666666,14,19,"[54, 56, 57, 60, 64]",random_0028,random_control
5,30,0.1666666666666666,17,22,"[43, 46, 54, 55, 64]",random_0038,random_control
8,30,0.2666666666666666,16,24,"[54, 55, 56, 57, 60, 62, 64, 83]",scrambled_PepMLM_0016,scrambled_control
9,30,0.3,24,33,"[53, 54, 55, 56, 57, 60, 62, 64, 85]",pepmlm_L20_0001,PepMLM
8,30,0.2666666666666666,17,25,"[54, 55, 56, 57, 62, 64, 77, 79]",scrambled_PepMLM_0006,scrambled_control
8,30,0.2666666666666666,23,31,"[45, 46, 54, 55, 56, 57, 60, 62]",pepmlm_L15_0028,PepMLM
8,30,0.2666666666666666,14,22,"[56, 57, 60, 62, 64, 83, 85, 86]",random_0023,random_control
7,30,0.2333333333333333,18,25,"[43, 45, 46, 54, 55, 62, 64]",random_0008,random_control
2,30,0.0666666666666666,17,19,"[46, 55]",scrambled_RFpeptides_0001,scrambled_control
6,30,0.2,15,21,"[54, 55, 56, 57, 62, 64]",scrambled_PepMLM_0011,scrambled_control
4,30,0.1333333333333333,19,23,"[43, 46, 55, 64]",scrambled_RFdiffusion_0006,scrambled_control
8,30,0.2666666666666666,17,25,"[46, 53, 54, 55, 56, 57, 60, 62]",pepmlm_L20_0016,PepMLM
4,30,0.1333333333333333,9,13,"[46, 53, 54, 55]",scrambled_RFdiffusion_0011,scrambled_control
6,30,0.2,17,23,"[34, 43, 44, 55, 62, 64]",scrambled_RFdiffusion_0001,scrambled_control
9,30,0.3,22,31,"[46, 53, 54, 55, 56, 57, 62, 64, 83]",random_0033,random_control
9,30,0.3,16,25,"[34, 56, 57, 60, 62, 64, 83, 85, 86]",pepmlm_L15_0018,PepMLM
5,30,0.1666666666666666,17,22,"[42, 43, 44, 46, 55]",pepmlm_L15_0023,PepMLM
7,30,0.2333333333333333,21,28,"[43, 44, 45, 46, 54, 55, 62]",scrambled_RFdiffusion_0016,scrambled_control
8,30,0.2666666666666666,24,32,"[46, 53, 55, 56, 57, 62, 64, 85]",pepmlm_L15_0003,PepMLM
11,30,0.3666666666666666,27,38,"[43, 44, 45, 46, 53, 54, 55, 56, 57, 60, 79]",random_0003,random_control
3,30,0.1,18,21,"[43, 46, 55]",scrambled_RFpeptides_0006,scrambled_control
6,30,0.2,18,24,"[42, 43, 44, 45, 46, 55]",scrambled_RFdiffusion_0012,scrambled_control
8,30,0.2666666666666666,21,29,"[45, 46, 54, 55, 56, 57, 62, 85]",pepmlm_L15_0024,PepMLM
12,30,0.4,25,37,"[45, 46, 54, 55, 56, 57, 60, 62, 64, 82, 83, 85]",pepmlm_L20_0017,PepMLM
9,30,0.3,17,26,"[53, 55, 56, 57, 62, 64, 81, 83, 85]",random_0029,random_control
3,30,0.1,12,15,"[46, 54, 55]",scrambled_RFdiffusion_0017,scrambled_control
8,30,0.2666666666666666,20,28,"[42, 43, 44, 45, 46, 54, 55, 57]",scrambled_RFpeptides_0002,scrambled_control
4,30,0.1333333333333333,15,19,"[45, 46, 54, 55]",random_0019,random_control
6,30,0.2,14,20,"[42, 43, 44, 45, 46, 55]",scrambled_PepMLM_0007,scrambled_control
9,30,0.3,16,25,"[54, 56, 57, 60, 62, 64, 83, 85, 86]",pepmlm_L15_0014,PepMLM
6,30,0.2,26,32,"[46, 54, 55, 56, 57, 85]",pepmlm_L15_0029,PepMLM
5,30,0.1666666666666666,16,21,"[54, 55, 56, 57, 60]",scrambled_PepMLM_0012,scrambled_control
6,30,0.2,11,17,"[55, 56, 62, 64, 83, 85]",pepmlm_L15_0009,PepMLM
8,30,0.2666666666666666,25,33,"[46, 54, 55, 56, 57, 62, 64, 85]",pepmlm_L15_0004,PepMLM
2,30,0.0666666666666666,19,21,"[46, 55]",scrambled_RFpeptides_0007,scrambled_control
5,30,0.1666666666666666,16,21,"[54, 56, 57, 62, 64]",random_0024,random_control
7,30,0.2333333333333333,17,24,"[43, 44, 45, 46, 54, 55, 60]",scrambled_RFdiffusion_0007,scrambled_control
9,30,0.3,20,29,"[43, 44, 45, 46, 53, 54, 55, 56, 57]",pepmlm_L15_0019,PepMLM
7,30,0.2333333333333333,14,21,"[53, 56, 57, 62, 64, 83, 85]",pepmlm_L20_0007,PepMLM
10,30,0.3333333333333333,22,32,"[42, 43, 44, 45, 46, 53, 54, 55, 56, 57]",random_0014,random_control
5,30,0.1666666666666666,23,28,"[54, 55, 56, 57, 60]",scrambled_PepMLM_0017,scrambled_control
8,30,0.2666666666666666,15,23,"[56, 57, 62, 64, 79, 83, 85, 86]",random_0004,random_control
5,30,0.1666666666666666,15,20,"[56, 57, 60, 62, 64]",random_0039,random_control
6,30,0.2,21,27,"[34, 43, 46, 55, 62, 64]",random_0034,random_control
6,30,0.2,25,31,"[43, 46, 54, 55, 57, 62]",random_0049,random_control
13,30,0.4333333333333333,27,40,"[44, 45, 46, 54, 55, 56, 57, 60, 62, 64, 82, 83, 85]",random_0009,random_control
11,30,0.3666666666666666,25,36,"[43, 46, 54, 55, 56, 57, 60, 62, 64, 83, 85]",pepmlm_L20_0012,PepMLM
10,30,0.3333333333333333,24,34,"[46, 54, 55, 56, 57, 60, 62, 64, 79, 85]",scrambled_RFdiffusion_0002,scrambled_control
7,30,0.2333333333333333,15,22,"[46, 53, 54, 55, 56, 57, 85]",pepmlm_L20_0002,PepMLM
4,30,0.1333333333333333,12,16,"[54, 56, 57, 62]",random_0044,random_control
10,30,0.3333333333333333,14,24,"[53, 54, 55, 56, 57, 60, 62, 64, 85, 86]",random_0000,random_control
9,30,0.3,20,29,"[34, 46, 54, 56, 57, 62, 64, 85, 86]",scrambled_PepMLM_0018,scrambled_control
10,30,0.3333333333333333,20,30,"[34, 43, 44, 45, 46, 54, 55, 56, 57, 64]",pepmlm_L15_0015,PepMLM
14,30,0.4666666666666667,24,38,"[44, 45, 46, 54, 55, 56, 57, 60, 62, 64, 81, 82, 83, 85]",random_0035,random_control
6,30,0.2,20,26,"[43, 46, 54, 55, 57, 62]",scrambled_RFdiffusion_0018,scrambled_control
8,30,0.2666666666666666,22,30,"[46, 54, 55, 56, 57, 60, 62, 64]",random_0045,random_control
7,30,0.2333333333333333,21,28,"[43, 44, 45, 46, 55, 62, 64]",scrambled_PepMLM_0013,scrambled_control
5,30,0.1666666666666666,11,16,"[56, 57, 60, 62, 64]",pepmlm_L15_0020,PepMLM
4,30,0.1333333333333333,16,20,"[43, 45, 46, 55]",random_0005,random_control
2,30,0.0666666666666666,10,12,"[46, 55]",scrambled_RFdiffusion_0013,scrambled_control
9,30,0.3,12,21,"[34, 53, 56, 57, 60, 62, 64, 79, 85]",random_0025,random_control
7,30,0.2333333333333333,18,25,"[43, 44, 45, 46, 54, 56, 57]",pepmlm_L15_0010,PepMLM
3,30,0.1,10,13,"[53, 56, 57]",random_0030,random_control
7,30,0.2333333333333333,11,18,"[42, 43, 44, 45, 46, 54, 55]",scrambled_PepMLM_0008,scrambled_control
6,30,0.2,23,29,"[43, 46, 54, 55, 57, 62]",pepmlm_L15_0005,PepMLM
4,30,0.1333333333333333,15,19,"[43, 54, 55, 57]",pepmlm_L15_0025,PepMLM
4,30,0.1333333333333333,14,18,"[46, 54, 55, 62]",scrambled_RFdiffusion_0008,scrambled_control
8,30,0.2666666666666666,15,23,"[43, 44, 45, 46, 54, 55, 57, 62]",scrambled_RFdiffusion_0003,scrambled_control
6,30,0.2,20,26,"[46, 54, 57, 60, 62, 64]",pepmlm_L20_0008,PepMLM
5,30,0.1666666666666666,14,19,"[46, 54, 55, 62, 64]",pepmlm_L20_0018,PepMLM
5,30,0.1666666666666666,13,18,"[53, 54, 55, 56, 62]",pepmlm_L15_0030,PepMLM
8,30,0.2666666666666666,19,27,"[45, 46, 54, 55, 56, 57, 60, 62]",scrambled_RFpeptides_0003,scrambled_control
6,30,0.2,18,24,"[54, 55, 56, 57, 60, 62]",pepmlm_L20_0013,PepMLM
7,30,0.2333333333333333,21,28,"[46, 53, 54, 55, 56, 57, 60]",random_0020,random_control
7,30,0.2333333333333333,21,28,"[46, 53, 54, 55, 56, 57, 62]",random_0010,random_control
6,30,0.2,25,31,"[43, 44, 45, 46, 54, 55]",random_0015,random_control
6,30,0.2,13,19,"[56, 57, 60, 62, 64, 85]",random_0040,random_control
7,30,0.2333333333333333,12,19,"[53, 54, 55, 56, 57, 62, 64]",pepmlm_L20_0003,PepMLM
6,30,0.2,13,19,"[53, 56, 57, 60, 79, 82]",random_0006,random_control
9,30,0.3,21,30,"[54, 55, 56, 57, 60, 62, 64, 83, 85]",random_0046,random_control
9,30,0.3,21,30,"[46, 54, 55, 56, 57, 60, 62, 64, 85]",pepmlm_L15_0021,PepMLM
3,30,0.1,18,21,"[43, 46, 55]",scrambled_RFpeptides_0004,scrambled_control
5,30,0.1666666666666666,17,22,"[45, 46, 55, 62, 64]",scrambled_RFdiffusion_0014,scrambled_control
4,30,0.1333333333333333,15,19,"[53, 54, 56, 57]",pepmlm_L15_0001,PepMLM
4,30,0.1333333333333333,14,18,"[55, 56, 62, 79]",random_0021,random_control
7,30,0.2333333333333333,15,22,"[43, 44, 45, 46, 54, 55, 62]",scrambled_RFdiffusion_0009,scrambled_control
10,30,0.3333333333333333,21,31,"[42, 43, 44, 45, 46, 54, 55, 57, 62, 64]",pepmlm_L20_0014,PepMLM
6,30,0.2,25,31,"[42, 43, 44, 45, 46, 55]",random_0026,random_control
6,30,0.2,17,23,"[43, 44, 45, 46, 55, 62]",scrambled_PepMLM_0004,scrambled_control
11,30,0.3666666666666666,14,25,"[54, 55, 56, 60, 62, 64, 79, 81, 82, 83, 85]",pepmlm_L15_0026,PepMLM
7,30,0.2333333333333333,18,25,"[46, 53, 54, 55, 56, 57, 60]",pepmlm_L20_0004,PepMLM
9,30,0.3,25,34,"[34, 42, 43, 44, 45, 46, 54, 55, 64]",pepmlm_L20_0019,PepMLM
4,30,0.1333333333333333,11,15,"[46, 54, 55, 64]",pepmlm_L15_0006,PepMLM
6,30,0.2,16,22,"[46, 53, 54, 55, 56, 57]",pepmlm_L15_0016,PepMLM
9,30,0.3,24,33,"[46, 53, 54, 55, 56, 57, 60, 62, 64]",random_0016,random_control
3,30,0.1,20,23,"[43, 46, 55]",scrambled_RFdiffusion_0019,scrambled_control
9,30,0.3,14,23,"[55, 56, 57, 60, 62, 64, 83, 85, 86]",scrambled_PepMLM_0014,scrambled_control
5,30,0.1666666666666666,18,23,"[45, 46, 54, 55, 56]",random_0036,random_control
9,30,0.3,21,30,"[46, 53, 55, 56, 57, 60, 62, 83, 85]",pepmlm_L20_0009,PepMLM
8,30,0.2666666666666666,17,25,"[43, 44, 45, 46, 54, 55, 62, 64]",random_0041,random_control
7,30,0.2333333333333333,29,36,"[34, 43, 44, 45, 46, 55, 64]",random_0001,random_control
7,30,0.2333333333333333,14,21,"[46, 53, 54, 55, 56, 57, 62]",scrambled_PepMLM_0009,scrambled_control
6,30,0.2,19,25,"[43, 45, 46, 54, 55, 62]",pepmlm_L15_0011,PepMLM
2,30,0.0666666666666666,21,23,"[46, 55]",random_0031,random_control
7,30,0.2333333333333333,20,27,"[43, 54, 55, 56, 57, 62, 64]",scrambled_PepMLM_0019,scrambled_control
6,30,0.2,21,27,"[46, 54, 55, 56, 57, 79]",pepmlm_L15_0031,PepMLM
4,30,0.1333333333333333,13,17,"[43, 46, 54, 55]",scrambled_RFdiffusion_0004,scrambled_control
12,30,0.4,25,37,"[43, 46, 54, 55, 56, 57, 60, 62, 64, 82, 83, 85]",random_0011,random_control
3,30,0.1,6,9,"[53, 56, 57]",rfdiff_d3_n1,RFdiffusion
7,30,0.2333333333333333,21,28,"[42, 43, 44, 45, 46, 55, 64]",rfdiff_d1_n7,RFdiffusion
5,30,0.1666666666666666,15,20,"[43, 46, 54, 55, 64]",rfdiff_d0_n5,RFdiffusion
9,30,0.3,18,27,"[43, 44, 45, 46, 53, 54, 55, 56, 57]",pepmlm_L25_0027,PepMLM
8,30,0.2666666666666666,9,17,"[42, 43, 44, 77, 78, 79, 81, 82]",rfdiff_d5_n0,RFdiffusion
6,30,0.2,24,30,"[43, 44, 45, 46, 55, 64]",rfdiff_d1_n2,RFdiffusion
8,30,0.2666666666666666,23,31,"[44, 45, 46, 54, 55, 56, 57, 85]",pepmlm_L25_0017,PepMLM
7,30,0.2333333333333333,20,27,"[46, 54, 55, 56, 57, 62, 64]",rfpep_d0_n6,RFpeptides
6,30,0.2,22,28,"[46, 54, 55, 56, 57, 62]",rfpep_d0_n1,RFpeptides
5,30,0.1666666666666666,16,21,"[43, 44, 45, 46, 55]",rfdiff_d6_n7,RFdiffusion
6,30,0.2,16,22,"[42, 43, 46, 54, 55, 60]",rfdiff_d0_n0,RFdiffusion
7,30,0.2333333333333333,18,25,"[43, 46, 54, 55, 57, 62, 64]",pepmlm_L25_0007,PepMLM
9,30,0.3,19,28,"[53, 54, 55, 56, 57, 60, 62, 64, 85]",pepmlm_L20_0029,PepMLM
7,30,0.2333333333333333,19,26,"[45, 46, 54, 55, 57, 62, 64]",rfdiff_d5_n5,RFdiffusion
10,30,0.3333333333333333,18,28,"[42, 43, 44, 45, 46, 53, 54, 55, 56, 57]",rfdiff_d3_n6,RFdiffusion
8,30,0.2666666666666666,21,29,"[42, 43, 44, 45, 46, 54, 55, 62]",pepmlm_L25_0002,PepMLM
5,30,0.1666666666666666,11,16,"[42, 43, 54, 55, 60]",rfdiff_d2_n4,RFdiffusion
3,30,0.1,14,17,"[43, 54, 55]",rfdiff_d7_n4,RFdiffusion
7,30,0.2333333333333333,13,20,"[43, 46, 54, 55, 57, 62, 64]",rfdiff_d4_n3,RFdiffusion
10,30,0.3333333333333333,24,34,"[45, 46, 54, 55, 56, 57, 60, 62, 64, 85]",pepmlm_L20_0024,PepMLM
8,30,0.2666666666666666,12,20,"[53, 54, 56, 57, 79, 81, 82, 83]",rfdiff_d6_n2,RFdiffusion
13,30,0.4333333333333333,23,36,"[34, 46, 53, 54, 55, 56, 57, 60, 62, 64, 83, 85, 86]",pepmlm_L25_0022,PepMLM
9,30,0.3,19,28,"[43, 45, 46, 53, 55, 56, 57, 62, 64]",pepmlm_L25_0012,PepMLM
10,30,0.3333333333333333,15,25,"[42, 43, 44, 45, 46, 54, 55, 56, 57, 62]",bindcraft_bmpr1a_l11_s859815,BindCraft
3,30,0.1,13,16,"[46, 54, 55]",bindcraft_bmpr1a_l12_s373689,BindCraft
5,30,0.16666666666666666,13,18,"[43, 46, 54, 55, 60]",bindcraft_bmpr1a_l12_s491995,BindCraft
6,30,0.2,14,20,"[43, 46, 54, 55, 62, 64]",bindcraft_bmpr1a_l14_s748574,BindCraft
6,30,0.2,19,25,"[34, 45, 46, 55, 62, 64]",bindcraft_bmpr1a_l14_s790748,BindCraft
7,30,0.23333333333333334,17,24,"[45, 46, 54, 57, 60, 62, 64]",bindcraft_bmpr1a_l15_s270298,BindCraft
6,30,0.2,15,21,"[46, 54, 55, 60, 62, 64]",bindcraft_bmpr1a_l15_s477718,BindCraft
7,30,0.23333333333333334,17,24,"[43, 45, 46, 55, 57, 60, 62]",bindcraft_bmpr1a_l15_s853494,BindCraft
9,30,0.3,18,27,"[34, 43, 44, 45, 46, 55, 60, 62, 64]",bindcraft_bmpr1a_l15_s933826,BindCraft
6,30,0.2,16,22,"[43, 45, 46, 55, 60, 64]",bindcraft_bmpr1a_l16_s332661,BindCraft
4,30,0.13333333333333333,16,20,"[43, 46, 55, 64]",bindcraft_bmpr1a_l16_s391274,BindCraft
6,30,0.2,23,29,"[34, 45, 46, 55, 62, 64]",bindcraft_bmpr1a_l18_s238286,BindCraft
5,30,0.16666666666666666,23,28,"[45, 46, 55, 62, 64]",bindcraft_bmpr1a_l18_s461196,BindCraft
9,30,0.3,18,27,"[43, 44, 45, 46, 54, 55, 57, 62, 64]",bindcraft_bmpr1a_l19_s490128,BindCraft
10,30,0.3333333333333333,19,29,"[43, 44, 45, 46, 53, 54, 55, 56, 57, 62]",bindcraft_bmpr1a_l19_s663759,BindCraft
12,30,0.4,18,30,"[34, 42, 43, 44, 46, 54, 55, 56, 57, 60, 62, 64]",bindcraft_bmpr1a_l24_s327222,BindCraft
4,30,0.13333333333333333,18,22,"[43, 46, 54, 55]",bindcraft_bmpr1a_l24_s795388,BindCraft
6,30,0.2,13,19,"[43, 44, 45, 46, 55, 57]",bindcraft_bmpr1a_l25_s769238,BindCraft
4,30,0.13333333333333333,13,17,"[43, 46, 55, 64]",bindcraft_bmpr1a_l25_s851912,BindCraft
6,30,0.2,21,27,"[42, 43, 44, 45, 46, 55]",bindcraft_bmpr1a_l26_s356362,BindCraft
5,30,0.16666666666666666,19,24,"[46, 54, 55, 56, 57]",bindcraft_bmpr1a_l26_s635301,BindCraft
8,30,0.26666666666666666,20,28,"[43, 44, 45, 46, 54, 55, 60, 62]",bindcraft_bmpr1a_l26_s84928,BindCraft
8,30,0.26666666666666666,17,25,"[34, 42, 43, 54, 55, 57, 62, 64]",bindcraft_bmpr1a_l26_s861050,BindCraft
9,30,0.3,22,31,"[43, 44, 45, 46, 54, 55, 56, 57, 64]",bindcraft_bmpr1a_l30_s359896,BindCraft
