peptide_id,sequence,length,tool,af3_submitted,af3_result_downloaded
pepmlm_L15_0000,KVVGTVVALLSCCPL,15,PepMLM,False,False
pepmlm_L15_0001,GCEGVLQARLAALCK,15,PepMLM,False,False
pepmlm_L15_0002,GVVSTYVLALLACCL,15,PepMLM,False,False
pepmlm_L15_0003,KVVETVVARLACPCL,15,PepMLM,False,False
pepmlm_L15_0004,GVISVLVARSAACCL,15,PepMLM,False,False
pepmlm_L15_0005,KVVSTLVARSLLCCK,15,PepMLM,False,False
pepmlm_L15_0006,KVIEVVELLLLCCCL,15,PepMLM,False,False
pepmlm_L15_0007,GVEEEVELLSLCCCR,15,PepMLM,False,False
pepmlm_L15_0008,KCEEEVEARSLLPCL,15,PepMLM,False,False
pepmlm_L15_0009,GVVSVYVARLSLLCL,15,PepMLM,False,False
pepmlm_L15_0010,GVEEVVQLALSLCLR,15,PepMLM,False,False
pepmlm_L15_0011,GCVEVVQAASLCLCK,15,PepMLM,False,False
pepmlm_L15_0012,RVVSVVVRRLLLLLL,15,PepMLM,False,False
pepmlm_L15_0013,RVVSVVVARLSCPCK,15,PepMLM,False,False
pepmlm_L15_0014,KVVGVVQRRLACCCR,15,PepMLM,False,False
pepmlm_L15_0015,RVISEYQALLLCPPL,15,PepMLM,False,False
pepmlm_L15_0016,KCVEELQLRSALLLR,15,PepMLM,False,False
pepmlm_L15_0017,GVVSVVVARPSACCR,15,PepMLM,False,False
pepmlm_L15_0018,GVVGVYERRLLLCCL,15,PepMLM,False,False
pepmlm_L15_0019,GVEEEYVARLSCCCL,15,PepMLM,False,False
pepmlm_L15_0020,RTVGTVVLAPLCLLR,15,PepMLM,False,False
pepmlm_L15_0021,GTIEVVVRRLACLCR,15,PepMLM,False,False
pepmlm_L15_0022,KVVGVLQARSALLCR,15,PepMLM,False,False
pepmlm_L15_0023,GVVETVVALLAACCR,15,PepMLM,False,False
pepmlm_L15_0024,GVISTVVAALSAPCK,15,PepMLM,False,False
pepmlm_L15_0025,GTIEVVEAALAAPLK,15,PepMLM,False,False
pepmlm_L15_0026,RVVSTVERLSLAPCR,15,PepMLM,False,False
pepmlm_L15_0027,GVIETVQRLPSCLCL,15,PepMLM,False,False
pepmlm_L15_0028,GVISVLVRLPSCCCR,15,PepMLM,False,False
pepmlm_L15_0029,RVVETVEARLAACCL,15,PepMLM,False,False
pepmlm_L15_0030,RCISVVEALLLCCPL,15,PepMLM,False,False
pepmlm_L15_0031,RTEGVYVLASSACCR,15,PepMLM,False,False
pepmlm_L20_0000,GKCRLRTLETTPLLRLRAAQ,20,PepMLM,False,False
pepmlm_L20_0001,GCVKKRTLDSDTPLCRAILK,20,PepMLM,False,False
pepmlm_L20_0002,RCEEVKCLEDTPPCRAAALK,20,PepMLM,False,False
pepmlm_L20_0003,GVCELLCLDDTPGLRLRIKS,20,PepMLM,False,False
pepmlm_L20_0004,GCVEVLCLDSTPGCLLLIAQ,20,PepMLM,False,False
pepmlm_L20_0005,GCCEVRTLLTTLLCCARLLK,20,PepMLM,False,False
pepmlm_L20_0006,GCVKLLTLLSTTLACRLAKK,20,PepMLM,False,False
pepmlm_L20_0007,KCVEVKRADSLPLLCRLLLK,20,PepMLM,False,False
pepmlm_L20_0008,GCVKVLTLLTDTLCLRRALQ,20,PepMLM,False,False
pepmlm_L20_0009,KVVEVRCLEDTTLLLRLLAS,20,PepMLM,False,False
pepmlm_L20_0010,RCVKLRRLLSTLLCCALIAK,20,PepMLM,False,False
pepmlm_L20_0011,RCEEVRCLEDDLLCCARLKS,20,PepMLM,False,False
pepmlm_L20_0012,GCVKVLRLDDLPLALLRLLK,20,PepMLM,False,False
pepmlm_L20_0013,RCERVRRLDDLLLCRAAIAK,20,PepMLM,False,False
pepmlm_L20_0014,GCCKVRRLESLLLCCRRAAQ,20,PepMLM,False,False
pepmlm_L20_0015,RCVKVRTLESDLPACLLAKK,20,PepMLM,False,False
pepmlm_L20_0016,RKCRLLCAETTLLCLAAIAK,20,PepMLM,False,False
pepmlm_L20_0017,GCCELRTLLDDPPARLLLLS,20,PepMLM,False,False
pepmlm_L20_0018,GCVEVLCRDDTPLALAALAS,20,PepMLM,False,False
pepmlm_L20_0019,GCEKVLRADDTLGLLRLLKQ,20,PepMLM,False,False
pepmlm_L20_0020,KCEELRTREDTTLCCRAAKK,20,PepMLM,False,False
pepmlm_L20_0021,KCVRLRRAESTTLCRLAILQ,20,PepMLM,False,False
pepmlm_L20_0022,GCVKKRRAEDTPLCCLALKK,20,PepMLM,False,False
pepmlm_L20_0023,RVEEVRCADSLTPLLLLAKK,20,PepMLM,False,False
pepmlm_L20_0024,GCEKKRRADDDTGCRAALAK,20,PepMLM,False,False
pepmlm_L20_0025,KVEEKRCLDDTPGCLRAAAK,20,PepMLM,False,False
pepmlm_L20_0026,GCCKKRTADSTLGALRLIKQ,20,PepMLM,False,False
pepmlm_L20_0027,KVCELKRLESTPLARAAALK,20,PepMLM,False,False
pepmlm_L20_0028,GCCKLKRLDDLLLACARAAS,20,PepMLM,False,False
pepmlm_L20_0029,RCCEVKCLDDLLLCCLRIAQ,20,PepMLM,False,False
pepmlm_L20_0030,KCVRVKTLDTDPLCCRLIKQ,20,PepMLM,False,False
pepmlm_L20_0031,GCEKLLCLEDLTPCRLAILK,20,PepMLM,False,False
pepmlm_L25_0000,GCRRKCMARRSSLLLLALLAALLSS,25,PepMLM,False,False
pepmlm_L25_0001,GTREKMMNRSTSLPLLLALAQAKGK,25,PepMLM,False,False
pepmlm_L25_0002,GTEECLMARRTSPLLACACQLLKSS,25,PepMLM,False,False
pepmlm_L25_0003,RSREVMKNRRTRLDLACLAAAAKKS,25,PepMLM,False,False
pepmlm_L25_0004,GSRRVMMARRTDLLTLLCAAAAAGG,25,PepMLM,False,False
pepmlm_L25_0005,GTRECMQNNRSRLLDACCAAQLAKS,25,PepMLM,False,False
pepmlm_L25_0006,GTRRVLMNRRSDLLDCCCCQQAKSG,25,PepMLM,False,False
pepmlm_L25_0007,GCCGVMMERRTSLLLCLLAAAQLKS,25,PepMLM,False,False
pepmlm_L25_0008,DTRGVMQENRRSLDTLAALQQALKK,25,PepMLM,False,False
pepmlm_L25_0009,GSCRVCMERLSSLLDLCCARQAAGK,25,PepMLM,False,False
pepmlm_L25_0010,RCCEKMKNKSRRLPDACCAAAAAKK,25,PepMLM,False,False
pepmlm_L25_0011,RTREVLMEKRSDLLTLCLCQAALKS,25,PepMLM,False,False
pepmlm_L25_0012,GCERKLKANLRSLLTCAAARQALSK,25,PepMLM,False,False
pepmlm_L25_0013,GCREVCQARSTRLLTCALLQALKSS,25,PepMLM,False,False
pepmlm_L25_0014,GCRGVMMNNLSSLDTCCCARLQLGS,25,PepMLM,False,False
pepmlm_L25_0015,GCERKMMERRTDLLLLLLCAQAAKK,25,PepMLM,False,False
pepmlm_L25_0016,GTCGKCQNRSRDPPLCLAARQQLKS,25,PepMLM,False,False
pepmlm_L25_0017,GTRRCMMERLTSLPDACCCRAQLKK,25,PepMLM,False,False
pepmlm_L25_0018,DCRGCCQERSTRDLLLALARQALSG,25,PepMLM,False,False
pepmlm_L25_0019,RTREVMQAKSSDDLDLCLARLLLKS,25,PepMLM,False,False
pepmlm_L25_0020,GCCGVMKENRRSDLLACLCAAQAGK,25,PepMLM,False,False
pepmlm_L25_0021,RTREVMQENRRSDLDLACCQLLAGS,25,PepMLM,False,False
pepmlm_L25_0022,GCCGVMQARRRDPPTLCLAQLQLSK,25,PepMLM,False,False
pepmlm_L25_0023,GTEEVMQARSTDLLTCCCAQQLLSS,25,PepMLM,False,False
pepmlm_L25_0024,GTCGCMKNRLTSDLTCAALQQAASG,25,PepMLM,False,False
pepmlm_L25_0025,RSEEVLQNRSSRLPDCCAAQLQLSS,25,PepMLM,False,False
pepmlm_L25_0026,GSEECCMNNSTRPLTACAAAQQAKK,25,PepMLM,False,False
pepmlm_L25_0027,GCCEVMKENRTRLLDLCCCALLKGK,25,PepMLM,False,False
pepmlm_L25_0028,GCREVMMERSSSLLDAALAAQAAGS,25,PepMLM,False,False
pepmlm_L25_0029,GSCGKMMNRLSRLPDCCALAAQLKK,25,PepMLM,False,False
pepmlm_L25_0030,GCEEKMKNKRSSLLTACCCAQLLKS,25,PepMLM,False,False
pepmlm_L25_0031,RCREVMQNKLTSPLTALLAQLAKSG,25,PepMLM,False,False
rfdiff_d0_n0,MEEQLEELEEALKELEERR,19,RFdiffusion,False,False
rfdiff_d0_n1,MEEQLKELEEALKKYEEEK,19,RFdiffusion,False,False
rfdiff_d0_n2,SLEQLLELLEQLLAHLASR,19,RFdiffusion,False,False
rfdiff_d0_n3,SLLQLLELLLQLALYLARR,19,RFdiffusion,False,False
rfdiff_d0_n4,MSEQLAQLAEQLAALAAAR,19,RFdiffusion,False,False
rfdiff_d0_n5,MAEQLAELAEQLAALAEAR,19,RFdiffusion,False,False
rfdiff_d0_n6,MAEQLAELAAQLALLAALR,19,RFdiffusion,False,False
rfdiff_d0_n7,MAEQLAELAAALAALAARR,19,RFdiffusion,False,False
rfdiff_d1_n0,SPSLLELAKALLKASETVL,19,RFdiffusion,False,False
rfdiff_d1_n1,GPLLEQLAQAALAASATVL,19,RFdiffusion,False,False
rfdiff_d1_n2,GPELLKKLQEALKKSSTVL,19,RFdiffusion,False,False
rfdiff_d1_n3,GPALLAALVAALLAAEKVL,19,RFdiffusion,False,False
rfdiff_d1_n4,GPLLAALAALLLKLAEKKL,19,RFdiffusion,False,False
rfdiff_d1_n5,SPLSLLEALLSLLLSETVL,19,RFdiffusion,False,False
rfdiff_d1_n6,GPLLLLLATLALLLAETVL,19,RFdiffusion,False,False
rfdiff_d1_n7,GPALLAAAAAALLASSTVL,19,RFdiffusion,False,False
rfdiff_d2_n0,SAAEALQAAVQALLAARNA,19,RFdiffusion,False,False
rfdiff_d2_n1,SPLELLELLTQLLLLLQNL,19,RFdiffusion,False,False
rfdiff_d2_n2,SLEELLQQLVQQLLLLRQA,19,RFdiffusion,False,False
rfdiff_d2_n3,SAEELLKAAVQALLALKNA,19,RFdiffusion,False,False
rfdiff_d2_n4,SPLEKLKELVEELLKLKQA,19,RFdiffusion,False,False
rfdiff_d2_n5,GPEELLKAAVQALLDLRNA,19,RFdiffusion,False,False
rfdiff_d2_n6,GPEELLRLLTQLLLLLKQA,19,RFdiffusion,False,False
rfdiff_d2_n7,SLEDLLKLLVQLLLELRNA,19,RFdiffusion,False,False
rfdiff_d3_n0,PPFEEVLAAARKLLELLSK,19,RFdiffusion,False,False
rfdiff_d3_n1,LPFEEQLLLAKLQALLLSA,19,RFdiffusion,False,False
rfdiff_d3_n2,LPFEERLLLATLQHLLLSS,19,RFdiffusion,False,False
rfdiff_d3_n3,LPFEERLALAKKLHELLSQ,19,RFdiffusion,False,False
rfdiff_d3_n4,LPFEEQLALAKKLAEELAA,19,RFdiffusion,False,False
rfdiff_d3_n5,KPFEERLKEAQELLEKLRE,19,RFdiffusion,False,False
rfdiff_d3_n6,PPFEELLKAAQELLEKLRA,19,RFdiffusion,False,False
rfdiff_d3_n7,PPFEEQLAAARAQLAALRA,19,RFdiffusion,False,False
rfdiff_d4_n0,PRELLEQLLAELQKLAELA,19,RFdiffusion,False,False
rfdiff_d4_n1,PEALKEALLAQLLLQRALE,19,RFdiffusion,False,False
rfdiff_d4_n2,PLEKLLQLLAELLEKRLLE,19,RFdiffusion,False,False
rfdiff_d4_n3,PLLKFLELLAKLLLEALLS,19,RFdiffusion,False,False
rfdiff_d4_n4,PLAQLEALLAALAEEAELA,19,RFdiffusion,False,False
rfdiff_d4_n5,PREKLEKLLAELLKKRLEE,19,RFdiffusion,False,False
rfdiff_d4_n6,PLEKLKELLEKLELERELA,19,RFdiffusion,False,False
rfdiff_d4_n7,PLEKLLELLKELLEEAEEL,19,RFdiffusion,False,False
rfdiff_d5_n0,SALYAAHKALVEALRAAIA,19,RFdiffusion,False,False
rfdiff_d5_n1,DELYKEHLKLIEELSKLIS,19,RFdiffusion,False,False
rfdiff_d5_n2,DELYAAHKALVEKLKALVA,19,RFdiffusion,False,False
rfdiff_d5_n3,DELYKKHLEKVEELKKLIE,19,RFdiffusion,False,False
rfdiff_d5_n4,SLLYSLHKALISLLSALIA,19,RFdiffusion,False,False
rfdiff_d5_n5,SSLYEEHLKLIEEMKAAIE,19,RFdiffusion,False,False
rfdiff_d5_n6,SSLYLEHLKKVEELKKLIE,19,RFdiffusion,False,False
rfdiff_d5_n7,SELYEKHKALIEKLKALIA,19,RFdiffusion,False,False
rfdiff_d6_n0,NPLLLYILLTELLRLLREL,19,RFdiffusion,False,False
rfdiff_d6_n1,DELLAFIEETELERLRRLL,19,RFdiffusion,False,False
rfdiff_d6_n2,DELLAYIEEVEKKKKLYLE,19,RFdiffusion,False,False
rfdiff_d6_n3,SPLLLEILLTQLKKLLHLL,19,RFdiffusion,False,False
rfdiff_d6_n4,SSLLSYILETEKKRLEYLK,19,RFdiffusion,False,False
rfdiff_d6_n5,DELLEFIEETEKLRELLEK,19,RFdiffusion,False,False
rfdiff_d6_n6,SELLKFIEETEKLRLERLK,19,RFdiffusion,False,False
rfdiff_d6_n7,SELLEYIKEVELLKKLKEL,19,RFdiffusion,False,False
rfdiff_d7_n0,SLKALAEVLKLLQELLEKE,19,RFdiffusion,False,False
rfdiff_d7_n1,SLRELEELLKLLSELLSQL,19,RFdiffusion,False,False
rfdiff_d7_n2,SLKELEELLKKLRELKELE,19,RFdiffusion,False,False
rfdiff_d7_n3,SLAALEELEELLEELERLE,19,RFdiffusion,False,False
rfdiff_d7_n4,SLAALLEALKKLQELLELE,19,RFdiffusion,False,False
rfdiff_d7_n5,SAAAAAELAALLATLEALA,19,RFdiffusion,False,False
rfdiff_d7_n6,SLADLLELLEELERLLEEE,19,RFdiffusion,False,False
rfdiff_d7_n7,SAAAAATLAALLAALLSSL,19,RFdiffusion,False,False
rfpep_d0_n0,PEGKEYEPIYGKLG,14,RFpeptides,False,False
rfpep_d0_n1,PEGKEYEPIYGKLG,14,RFpeptides,False,False
rfpep_d0_n2,PYGSEYEPIYGELG,14,RFpeptides,False,False
rfpep_d0_n3,PEGSEYEPIYGELG,14,RFpeptides,False,False
rfpep_d0_n4,PEGKEFEPIYGKLG,14,RFpeptides,False,False
rfpep_d0_n5,PEGKEYEPIYGELG,14,RFpeptides,False,False
rfpep_d0_n6,PYGKEYEPVYGELG,14,RFpeptides,False,False
rfpep_d0_n7,PEGKEYEPIYGELG,14,RFpeptides,False,False
scrambled_PepMLM_0000,CQRTKLCTLRRCAKSMGRDEPCALM,25,scrambled_PepMLM,False,False
scrambled_PepMLM_0001,RCGVAVVLQVRRCKC,15,scrambled_PepMLM,False,False
scrambled_PepMLM_0002,VLRVAPVLCTEAKVC,15,scrambled_PepMLM,False,False
scrambled_PepMLM_0003,LLLRATCGAEQSKLCCNCSEKKKSM,25,scrambled_PepMLM,False,False
scrambled_PepMLM_0004,DGVRDGLLEPLCLIRLSTKC,20,scrambled_PepMLM,False,False
scrambled_PepMLM_0005,VCSSGYVCRARTLAE,15,scrambled_PepMLM,False,False
scrambled_PepMLM_0006,SCSRILVCVGCVLRP,15,scrambled_PepMLM,False,False
scrambled_PepMLM_0007,SSCCPVVVRRVAGAV,15,scrambled_PepMLM,False,False
scrambled_PepMLM_0008,VSCVCVSAVLRKRVP,15,scrambled_PepMLM,False,False
scrambled_PepMLM_0009,GPCRKPMDGQRTCQRLSVLQLLCAA,25,scrambled_PepMLM,False,False
scrambled_PepMLM_0010,CMRNALQLLSDQRTACACAGSRKNE,25,scrambled_PepMLM,False,False
scrambled_PepMLM_0011,VLGCVCQKALSCVAE,15,scrambled_PepMLM,False,False
scrambled_PepMLM_0012,ARVRMKQERSLCLLLLCETTSKDLA,25,scrambled_PepMLM,False,False
scrambled_PepMLM_0013,DRKLCPKARKALGETCKLCV,20,scrambled_PepMLM,False,False
scrambled_PepMLM_0014,SALLISVARCCAVVG,15,scrambled_PepMLM,False,False
scrambled_PepMLM_0015,ESCVQTLILRPLGVC,15,scrambled_PepMLM,False,False
scrambled_PepMLM_0016,AVLVRATRCLVEECA,15,scrambled_PepMLM,False,False
scrambled_PepMLM_0017,RCSRMLLALLSGCAASLRKLRASLL,25,scrambled_PepMLM,False,False
scrambled_PepMLM_0018,ALELSQCKSCQVRLTGALLTCSRAR,25,scrambled_PepMLM,False,False
scrambled_PepMLM_0019,RSLGLEACMLGVAQLCSCLRKTLMA,25,scrambled_PepMLM,False,False
scrambled_RFdiffusion_0000,LEMEKKYQEEEEKKALELE,19,scrambled_RFdiffusion,False,False
scrambled_RFdiffusion_0001,RAALLARQAMEALAEALAA,19,scrambled_RFdiffusion,False,False
scrambled_RFdiffusion_0002,LQLAEERAAAALSALQAQM,19,scrambled_RFdiffusion,False,False
scrambled_RFdiffusion_0003,LEASAKLLELKELQLLEAL,19,scrambled_RFdiffusion,False,False
scrambled_RFdiffusion_0004,ELLQAKVLELKALLKLEES,19,scrambled_RFdiffusion,False,False
scrambled_RFdiffusion_0005,YLLKLSAAALLSSLILHSI,19,scrambled_RFdiffusion,False,False
scrambled_RFdiffusion_0006,LSSKEEELLRLLEQLSLLL,19,scrambled_RFdiffusion,False,False
scrambled_RFdiffusion_0007,ALQAAAQTLPLVLSGELAA,19,scrambled_RFdiffusion,False,False
scrambled_RFdiffusion_0008,LLLLAEEKLELERQLKPLL,19,scrambled_RFdiffusion,False,False
scrambled_RFdiffusion_0009,SSLLLQEEQLLLLELRAAH,19,scrambled_RFdiffusion,False,False
scrambled_RFdiffusion_0010,LEEDLKRILEKELEFEETL,19,scrambled_RFdiffusion,False,False
scrambled_RFdiffusion_0011,LLLLLEALLRVLKDSLENQ,19,scrambled_RFdiffusion,False,False
scrambled_RFdiffusion_0012,LKAELLRKELEEKPEKLLR,19,scrambled_RFdiffusion,False,False
scrambled_RFdiffusion_0013,LLLLLAAKLKLELPSEFLL,19,scrambled_RFdiffusion,False,False
scrambled_RFdiffusion_0014,LAEELEEELELERLALLSE,19,scrambled_RFdiffusion,False,False
scrambled_RFdiffusion_0015,SLLQHLAKPAFRLEKELEL,19,scrambled_RFdiffusion,False,False
scrambled_RFdiffusion_0016,EKEVLATSSALLLLPASLK,19,scrambled_RFdiffusion,False,False
scrambled_RFdiffusion_0017,KEELRTKKLLLEEFILERS,19,scrambled_RFdiffusion,False,False
scrambled_RFdiffusion_0018,LLAAKLSLKAVLENAAEAQ,19,scrambled_RFdiffusion,False,False
scrambled_RFdiffusion_0019,YILKLSRLYSESKTLLEEK,19,scrambled_RFdiffusion,False,False
scrambled_RFpeptides_0000,PEIGGLYPYEGEEK,14,scrambled_RFpeptides,False,False
scrambled_RFpeptides_0001,ILEGEGPKYGEPEY,14,scrambled_RFpeptides,False,False
scrambled_RFpeptides_0002,GELYGYPYVEPEGK,14,scrambled_RFpeptides,False,False
scrambled_RFpeptides_0003,ESYEYGPLGGIEPE,14,scrambled_RFpeptides,False,False
scrambled_RFpeptides_0004,KGFELGGIKPEYPE,14,scrambled_RFpeptides,False,False
scrambled_RFpeptides_0005,KYKIGEYGPLPEEG,14,scrambled_RFpeptides,False,False
scrambled_RFpeptides_0006,EPYYGPGESGYELI,14,scrambled_RFpeptides,False,False
scrambled_RFpeptides_0007,IGGPYEPLEGKEKY,14,scrambled_RFpeptides,False,False
random_0000,RYSLCILLRDIKWHQEVIF,19,random,False,False
random_0001,FDCGLYWLRERLPKTVSRDYCQMYK,25,random,False,False
random_0002,DIWWAKWCGSTRKGW,15,random,False,False
random_0003,SDSNQMMEGMQSLPVCRDM,19,random,False,False
random_0004,MEPTAVRQCHTNYSRCHKVFLRSEA,25,random,False,False
random_0005,YIGLVAVQDIEREF,14,random,False,False
random_0006,LTKQSSIRVFPHYTFDKQM,19,random,False,False
random_0007,KALLWWSFRVSNMVVPRMH,19,random,False,False
random_0008,WPIQCMSPPFSCFTWMERET,20,random,False,False
random_0009,AFQFDSKMYPDMVPMSVCY,19,random,False,False
random_0010,ILIDQEERGLACMCL,15,random,False,False
random_0011,NQFITQWGGGDYPYISWFIRKRKAR,25,random,False,False
random_0012,VGDRNWLQKRLHPSEIPWNWLLAPK,25,random,False,False
random_0013,WCYSLIYNIHYKFEC,15,random,False,False
random_0014,RCWNFDLMQGHFVNTTKGKSLMERD,25,random,False,False
random_0015,IPVNDPAKVERNKWPNEISA,20,random,False,False
random_0016,VMYIDRLQEFCCLSEEIVF,19,random,False,False
random_0017,RNVQWFQESYQKCNHRRIN,19,random,False,False
random_0018,NVNCPKHERDHYACM,15,random,False,False
random_0019,FWHDVHWHIMFYAKFFVKGE,20,random,False,False
random_0020,FANIWMAGKCFQTED,15,random,False,False
random_0021,RNTWERTIYCTLRACSPQE,19,random,False,False
random_0022,RDDMYFDFKYWVMPYTLRT,19,random,False,False
random_0023,QEEVHQRIQMRPQEMQMKN,19,random,False,False
random_0024,SDDDDQENFVCWVVMEQNQC,20,random,False,False
random_0025,YLNEWTHFSIENVNEKWIQVYYVAY,25,random,False,False
random_0026,AGKLMNAGFWPDFADTHPQRMGNLM,25,random,False,False
random_0027,YDCFGYCDKRQSYRQKHTE,19,random,False,False
random_0028,QELWSTLCIPYCAHLHFKLMEASQG,25,random,False,False
random_0029,PVITVNDPCQARDMWQWPQL,20,random,False,False
random_0030,PAMGYRNDQEIQWPT,15,random,False,False
random_0031,PLMIMGDTETTHNNF,15,random,False,False
random_0032,EFKHGYFDGSRWWRWYMMFR,20,random,False,False
random_0033,SRLKWCNTDLRRCCN,15,random,False,False
random_0034,DDYYTPRWVCRWHMYSTFCREMDTG,25,random,False,False
random_0035,IRRTTYGNNLPQMYC,15,random,False,False
random_0036,MDMEVPLKYFMDWF,14,random,False,False
random_0037,LPFYDLVPMFTDQTNANLGHMSHIF,25,random,False,False
random_0038,DLETVTCMYFYPFGGYGRCQ,20,random,False,False
random_0039,IRYLRIVILSHNWRRLPTTQGHYFK,25,random,False,False
random_0040,SNVETELDGKRTFQD,15,random,False,False
random_0041,RNAQCPTNIPDNIAMEMFFC,20,random,False,False
random_0042,SFSRYADAKHFVYTQELILECIQYR,25,random,False,False
random_0043,ESYVATWIFLQAYNI,15,random,False,False
random_0044,QGDTNDTVTTVAPSCPNKA,19,random,False,False
random_0045,DNIEWMFCNVMGRSGFDRCLHCHCM,25,random,False,False
random_0046,TPVSKCHLNCMKENQPRPMGSSNTK,25,random,False,False
random_0047,QDQYGVLMEDMLLRY,15,random,False,False
random_0048,GRNRCNYQKCDPNTGAFYR,19,random,False,False
random_0049,FDINNPWCYFRNNRD,15,random,False,False
